end_period_ts,open_interest,open_interest_fp,price,volume,volume_fp,yes_ask,yes_bid
1763542980,19840,19840.00,"{'close': None, 'high': None, 'low': None, 'max': None, 'mean': None, 'min': None, 'open': None, 'previous': 2, 'previous_dollars': '0.0200'}",0,0.00,"{'close': 2, 'close_dollars': '0.0200', 'high': 2, 'high_dollars': '0.0200', 'low': 1, 'low_dollars': '0.0100', 'open': 2, 'open_dollars': '0.0200'}","{'close': 0, 'close_dollars': '0.0000', 'high': 0, 'high_dollars': '0.0000', 'low': 0, 'low_dollars': '0.0000', 'open': 0, 'open_dollars': '0.0000'}"
1763543340,19840,19840.00,"{'close': None, 'high': None, 'low': None, 'max': None, 'mean': None, 'min': None, 'open': None, 'previous': 2, 'previous_dollars': '0.0200'}",0,0.00,"{'close': 2, 'close_dollars': '0.0200', 'high': 2, 'high_dollars': '0.0200', 'low': 1, 'low_dollars': '0.0100', 'open': 2, 'open_dollars': '0.0200'}","{'close': 0, 'close_dollars': '0.0000', 'high': 0, 'high_dollars': '0.0000', 'low': 0, 'low_dollars': '0.0000', 'open': 0, 'open_dollars': '0.0000'}"
1763543460,19840,19840.00,"{'close': None, 'high': None, 'low': None, 'max': None, 'mean': None, 'min': None, 'open': None, 'previous': 2, 'previous_dollars': '0.0200'}",0,0.00,"{'close': 2, 'close_dollars': '0.0200', 'high': 2, 'high_dollars': '0.0200', 'low': 2, 'low_dollars': '0.0200', 'open': 2, 'open_dollars': '0.0200'}","{'close': 0, 'close_dollars': '0.0000', 'high': 0, 'high_dollars': '0.0000', 'low': 0, 'low_dollars': '0.0000', 'open': 0, 'open_dollars': '0.0000'}"
1763543700,19840,19840.00,"{'close': None, 'high': None, 'low': None, 'max': None, 'mean': None, 'min': None, 'open': None, 'previous': 2, 'previous_dollars': '0.0200'}",0,0.00,"{'close': 2, 'close_dollars': '0.0200', 'high': 2, 'high_dollars': '0.0200', 'low': 1, 'low_dollars': '0.0100', 'open': 2, 'open_dollars': '0.0200'}","{'close': 0, 'close_dollars': '0.0000', 'high': 0, 'high_dollars': '0.0000', 'low': 0, 'low_dollars': '0.0000', 'open': 0, 'open_dollars': '0.0000'}"
1763544060,19840,19840.00,"{'close': None, 'high': None, 'low': None, 'max': None, 'mean': None, 'min': None, 'open': None, 'previous': 2, 'previous_dollars': '0.0200'}",0,0.00,"{'close': 2, 'close_dollars': '0.0200', 'high': 2, 'high_dollars': '0.0200', 'low': 1, 'low_dollars': '0.0100', 'open': 2, 'open_dollars': '0.0200'}","{'close': 0, 'close_dollars': '0.0000', 'high': 0, 'high_dollars': '0.0000', 'low': 0, 'low_dollars': '0.0000', 'open': 0, 'open_dollars': '0.0000'}"
1763544420,19840,19840.00,"{'close': None, 'high': None, 'low': None, 'max': None, 'mean': None, 'min': None, 'open': None, 'previous': 2, 'previous_dollars': '0.0200'}",0,0.00,"{'close': 2, 'close_dollars': '0.0200', 'high': 2, 'high_dollars': '0.0200', 'low': 1, 'low_dollars': '0.0100', 'open': 2, 'open_dollars': '0.0200'}","{'close': 0, 'close_dollars': '0.0000', 'high': 0, 'high_dollars': '0.0000', 'low': 0, 'low_dollars': '0.0000', 'open': 0, 'open_dollars': '0.0000'}"
1763544780,19840,19840.00,"{'close': None, 'high': None, 'low': None, 'max': None, 'mean': None, 'min': None, 'open': None, 'previous': 2, 'previous_dollars': '0.0200'}",0,0.00,"{'close': 2, 'close_dollars': '0.0200', 'high': 2, 'high_dollars': '0.0200', 'low': 1, 'low_dollars': '0.0100', 'open': 2, 'open_dollars': '0.0200'}","{'close': 0, 'close_dollars': '0.0000', 'high': 0, 'high_dollars': '0.0000', 'low': 0, 'low_dollars': '0.0000', 'open': 0, 'open_dollars': '0.0000'}"
1763545140,19840,19840.00,"{'close': None, 'high': None, 'low': None, 'max': None, 'mean': None, 'min': None, 'open': None, 'previous': 2, 'previous_dollars': '0.0200'}",0,0.00,"{'close': 2, 'close_dollars': '0.0200', 'high': 2, 'high_dollars': '0.0200', 'low': 1, 'low_dollars': '0.0100', 'open': 2, 'open_dollars': '0.0200'}","{'close': 0, 'close_dollars': '0.0000', 'high': 0, 'high_dollars': '0.0000', 'low': 0, 'low_dollars': '0.0000', 'open': 0, 'open_dollars': '0.0000'}"
1763545500,19840,19840.00,"{'close': None, 'high': None, 'low': None, 'max': None, 'mean': None, 'min': None, 'open': None, 'previous': 2, 'previous_dollars': '0.0200'}",0,0.00,"{'close': 2, 'close_dollars': '0.0200', 'high': 2, 'high_dollars': '0.0200', 'low': 1, 'low_dollars': '0.0100', 'open': 2, 'open_dollars': '0.0200'}","{'close': 0, 'close_dollars': '0.0000', 'high': 0, 'high_dollars': '0.0000', 'low': 0, 'low_dollars': '0.0000', 'open': 0, 'open_dollars': '0.0000'}"
1763545860,19840,19840.00,"{'close': None, 'high': None, 'low': None, 'max': None, 'mean': None, 'min': None, 'open': None, 'previous': 2, 'previous_dollars': '0.0200'}",0,0.00,"{'close': 2, 'close_dollars': '0.0200', 'high': 2, 'high_dollars': '0.0200', 'low': 1, 'low_dollars': '0.0100', 'open': 2, 'open_dollars': '0.0200'}","{'close': 0, 'close_dollars': '0.0000', 'high': 0, 'high_dollars': '0.0000', 'low': 0, 'low_dollars': '0.0000', 'open': 0, 'open_dollars': '0.0000'}"
1763546220,19840,19840.00,"{'close': None, 'high': None, 'low': None, 'max': None, 'mean': None, 'min': None, 'open': None, 'previous': 2, 'previous_dollars': '0.0200'}",0,0.00,"{'close': 2, 'close_dollars': '0.0200', 'high': 2, 'high_dollars': '0.0200', 'low': 1, 'low_dollars': '0.0100', 'open': 2, 'open_dollars': '0.0200'}","{'close': 0, 'close_dollars': '0.0000', 'high': 0, 'high_dollars': '0.0000', 'low': 0, 'low_dollars': '0.0000', 'open': 0, 'open_dollars': '0.0000'}"
1763546520,19840,19840.00,"{'close': None, 'high': None, 'low': None, 'max': None, 'mean': None, 'min': None, 'open': None, 'previous': 2, 'previous_dollars': '0.0200'}",0,0.00,"{'close': 2, 'close_dollars': '0.0200', 'high': 2, 'high_dollars': '0.0200', 'low': 2, 'low_dollars': '0.0200', 'open': 2, 'open_dollars': '0.0200'}","{'close': 0, 'close_dollars': '0.0000', 'high': 0, 'high_dollars': '0.0000', 'low': 0, 'low_dollars': '0.0000', 'open': 0, 'open_dollars': '0.0000'}"
1763546580,19840,19840.00,"{'close': None, 'high': None, 'low': None, 'max': None, 'mean': None, 'min': None, 'open': None, 'previous': 2, 'previous_dollars': '0.0200'}",0,0.00,"{'close': 2, 'close_dollars': '0.0200', 'high': 2, 'high_dollars': '0.0200', 'low': 1, 'low_dollars': '0.0100', 'open': 2, 'open_dollars': '0.0200'}","{'close': 0, 'close_dollars': '0.0000', 'high': 0, 'high_dollars': '0.0000', 'low': 0, 'low_dollars': '0.0000', 'open': 0, 'open_dollars': '0.0000'}"
1763546940,19840,19840.00,"{'close': None, 'high': None, 'low': None, 'max': None, 'mean': None, 'min': None, 'open': None, 'previous': 2, 'previous_dollars': '0.0200'}",0,0.00,"{'close': 2, 'close_dollars': '0.0200', 'high': 2, 'high_dollars': '0.0200', 'low': 1, 'low_dollars': '0.0100', 'open': 2, 'open_dollars': '0.0200'}","{'close': 0, 'close_dollars': '0.0000', 'high': 0, 'high_dollars': '0.0000', 'low': 0, 'low_dollars': '0.0000', 'open': 0, 'open_dollars': '0.0000'}"
1763547300,19840,19840.00,"{'close': None, 'high': None, 'low': None, 'max': None, 'mean': None, 'min': None, 'open': None, 'previous': 2, 'previous_dollars': '0.0200'}",0,0.00,"{'close': 2, 'close_dollars': '0.0200', 'high': 2, 'high_dollars': '0.0200', 'low': 1, 'low_dollars': '0.0100', 'open': 2, 'open_dollars': '0.0200'}","{'close': 0, 'close_dollars': '0.0000', 'high': 0, 'high_dollars': '0.0000', 'low': 0, 'low_dollars': '0.0000', 'open': 0, 'open_dollars': '0.0000'}"
1763547600,19840,19840.00,"{'close': None, 'high': None, 'low': None, 'max': None, 'mean': None, 'min': None, 'open': None, 'previous': 2, 'previous_dollars': '0.0200'}",0,0.00,"{'close': 2, 'close_dollars': '0.0200', 'high': 2, 'high_dollars': '0.0200', 'low': 2, 'low_dollars': '0.0200', 'open': 2, 'open_dollars': '0.0200'}","{'close': 0, 'close_dollars': '0.0000', 'high': 0, 'high_dollars': '0.0000', 'low': 0, 'low_dollars': '0.0000', 'open': 0, 'open_dollars': '0.0000'}"
1763547660,19840,19840.00,"{'close': None, 'high': None, 'low': None, 'max': None, 'mean': None, 'min': None, 'open': None, 'previous': 2, 'previous_dollars': '0.0200'}",0,0.00,"{'close': 2, 'close_dollars': '0.0200', 'high': 2, 'high_dollars': '0.0200', 'low': 1, 'low_dollars': '0.0100', 'open': 2, 'open_dollars': '0.0200'}","{'close': 0, 'close_dollars': '0.0000', 'high': 0, 'high_dollars': '0.0000', 'low': 0, 'low_dollars': '0.0000', 'open': 0, 'open_dollars': '0.0000'}"
1763548020,19840,19840.00,"{'close': None, 'high': None, 'low': None, 'max': None, 'mean': None, 'min': None, 'open': None, 'previous': 2, 'previous_dollars': '0.0200'}",0,0.00,"{'close': 2, 'close_dollars': '0.0200', 'high': 2, 'high_dollars': '0.0200', 'low': 1, 'low_dollars': '0.0100', 'open': 2, 'open_dollars': '0.0200'}","{'close': 0, 'close_dollars': '0.0000', 'high': 0, 'high_dollars': '0.0000', 'low': 0, 'low_dollars': '0.0000', 'open': 0, 'open_dollars': '0.0000'}"
1763548380,19840,19840.00,"{'close': None, 'high': None, 'low': None, 'max': None, 'mean': None, 'min': None, 'open': None, 'previous': 2, 'previous_dollars': '0.0200'}",0,0.00,"{'close': 2, 'close_dollars': '0.0200', 'high': 2, 'high_dollars': '0.0200', 'low': 1, 'low_dollars': '0.0100', 'open': 2, 'open_dollars': '0.0200'}","{'close': 0, 'close_dollars': '0.0000', 'high': 0, 'high_dollars': '0.0000', 'low': 0, 'low_dollars': '0.0000', 'open': 0, 'open_dollars': '0.0000'}"
1763548740,19840,19840.00,"{'close': None, 'high': None, 'low': None, 'max': None, 'mean': None, 'min': None, 'open': None, 'previous': 2, 'previous_dollars': '0.0200'}",0,0.00,"{'close': 2, 'close_dollars': '0.0200', 'high': 2, 'high_dollars': '0.0200', 'low': 1, 'low_dollars': '0.0100', 'open': 2, 'open_dollars': '0.0200'}","{'close': 0, 'close_dollars': '0.0000', 'high': 0, 'high_dollars': '0.0000', 'low': 0, 'low_dollars': '0.0000', 'open': 0, 'open_dollars': '0.0000'}"
1763549100,19840,19840.00,"{'close': None, 'high': None, 'low': None, 'max': None, 'mean': None, 'min': None, 'open': None, 'previous': 2, 'previous_dollars': '0.0200'}",0,0.00,"{'close': 2, 'close_dollars': '0.0200', 'high': 2, 'high_dollars': '0.0200', 'low': 1, 'low_dollars': '0.0100', 'open': 2, 'open_dollars': '0.0200'}","{'close': 0, 'close_dollars': '0.0000', 'high': 0, 'high_dollars': '0.0000', 'low': 0, 'low_dollars': '0.0000', 'open': 0, 'open_dollars': '0.0000'}"
1763549460,19840,19840.00,"{'close': None, 'high': None, 'low': None, 'max': None, 'mean': None, 'min': None, 'open': None, 'previous': 2, 'previous_dollars': '0.0200'}",0,0.00,"{'close': 2, 'close_dollars': '0.0200', 'high': 2, 'high_dollars': '0.0200', 'low': 1, 'low_dollars': '0.0100', 'open': 2, 'open_dollars': '0.0200'}","{'close': 0, 'close_dollars': '0.0000', 'high': 0, 'high_dollars': '0.0000', 'low': 0, 'low_dollars': '0.0000', 'open': 0, 'open_dollars': '0.0000'}"
1763549820,19840,19840.00,"{'close': None, 'high': None, 'low': None, 'max': None, 'mean': None, 'min': None, 'open': None, 'previous': 2, 'previous_dollars': '0.0200'}",0,0.00,"{'close': 2, 'close_dollars': '0.0200', 'high': 2, 'high_dollars': '0.0200', 'low': 1, 'low_dollars': '0.0100', 'open': 2, 'open_dollars': '0.0200'}","{'close': 0, 'close_dollars': '0.0000', 'high': 0, 'high_dollars': '0.0000', 'low': 0, 'low_dollars': '0.0000', 'open': 0, 'open_dollars': '0.0000'}"
1763550180,19840,19840.00,"{'close': None, 'high': None, 'low': None, 'max': None, 'mean': None, 'min': None, 'open': None, 'previous': 2, 'previous_dollars': '0.0200'}",0,0.00,"{'close': 2, 'close_dollars': '0.0200', 'high': 2, 'high_dollars': '0.0200', 'low': 1, 'low_dollars': '0.0100', 'open': 2, 'open_dollars': '0.0200'}","{'close': 0, 'close_dollars': '0.0000', 'high': 0, 'high_dollars': '0.0000', 'low': 0, 'low_dollars': '0.0000', 'open': 0, 'open_dollars': '0.0000'}"
1763550540,19840,19840.00,"{'close': None, 'high': None, 'low': None, 'max': None, 'mean': None, 'min': None, 'open': None, 'previous': 2, 'previous_dollars': '0.0200'}",0,0.00,"{'close': 2, 'close_dollars': '0.0200', 'high': 2, 'high_dollars': '0.0200', 'low': 1, 'low_dollars': '0.0100', 'open': 2, 'open_dollars': '0.0200'}","{'close': 0, 'close_dollars': '0.0000', 'high': 0, 'high_dollars': '0.0000', 'low': 0, 'low_dollars': '0.0000', 'open': 0, 'open_dollars': '0.0000'}"
1763550900,19840,19840.00,"{'close': None, 'high': None, 'low': None, 'max': None, 'mean': None, 'min': None, 'open': None, 'previous': 2, 'previous_dollars': '0.0200'}",0,0.00,"{'close': 2, 'close_dollars': '0.0200', 'high': 2, 'high_dollars': '0.0200', 'low': 1, 'low_dollars': '0.0100', 'open': 2, 'open_dollars': '0.0200'}","{'close': 0, 'close_dollars': '0.0000', 'high': 0, 'high_dollars': '0.0000', 'low': 0, 'low_dollars': '0.0000', 'open': 0, 'open_dollars': '0.0000'}"
1763551260,19840,19840.00,"{'close': None, 'high': None, 'low': None, 'max': None, 'mean': None, 'min': None, 'open': None, 'previous': 2, 'previous_dollars': '0.0200'}",0,0.00,"{'close': 2, 'close_dollars': '0.0200', 'high': 2, 'high_dollars': '0.0200', 'low': 1, 'low_dollars': '0.0100', 'open': 2, 'open_dollars': '0.0200'}","{'close': 0, 'close_dollars': '0.0000', 'high': 0, 'high_dollars': '0.0000', 'low': 0, 'low_dollars': '0.0000', 'open': 0, 'open_dollars': '0.0000'}"
1763551620,19840,19840.00,"{'close': None, 'high': None, 'low': None, 'max': None, 'mean': None, 'min': None, 'open': None, 'previous': 2, 'previous_dollars': '0.0200'}",0,0.00,"{'close': 2, 'close_dollars': '0.0200', 'high': 2, 'high_dollars': '0.0200', 'low': 1, 'low_dollars': '0.0100', 'open': 2, 'open_dollars': '0.0200'}","{'close': 0, 'close_dollars': '0.0000', 'high': 0, 'high_dollars': '0.0000', 'low': 0, 'low_dollars': '0.0000', 'open': 0, 'open_dollars': '0.0000'}"
1763551980,19840,19840.00,"{'close': None, 'high': None, 'low': None, 'max': None, 'mean': None, 'min': None, 'open': None, 'previous': 2, 'previous_dollars': '0.0200'}",0,0.00,"{'close': 2, 'close_dollars': '0.0200', 'high': 2, 'high_dollars': '0.0200', 'low': 1, 'low_dollars': '0.0100', 'open': 2, 'open_dollars': '0.0200'}","{'close': 0, 'close_dollars': '0.0000', 'high': 0, 'high_dollars': '0.0000', 'low': 0, 'low_dollars': '0.0000', 'open': 0, 'open_dollars': '0.0000'}"
1763552100,19840,19840.00,"{'close': None, 'high': None, 'low': None, 'max': None, 'mean': None, 'min': None, 'open': None, 'previous': 2, 'previous_dollars': '0.0200'}",0,0.00,"{'close': 1, 'close_dollars': '0.0100', 'high': 2, 'high_dollars': '0.0200', 'low': 1, 'low_dollars': '0.0100', 'open': 2, 'open_dollars': '0.0200'}","{'close': 0, 'close_dollars': '0.0000', 'high': 0, 'high_dollars': '0.0000', 'low': 0, 'low_dollars': '0.0000', 'open': 0, 'open_dollars': '0.0000'}"
1763553000,19840,19840.00,"{'close': None, 'high': None, 'low': None, 'max': None, 'mean': None, 'min': None, 'open': None, 'previous': 2, 'previous_dollars': '0.0200'}",0,0.00,"{'close': 1, 'close_dollars': '0.0100', 'high': 1, 'high_dollars': '0.0100', 'low': 1, 'low_dollars': '0.0100', 'open': 1, 'open_dollars': '0.0100'}","{'close': 0, 'close_dollars': '0.0000', 'high': 0, 'high_dollars': '0.0000', 'low': 0, 'low_dollars': '0.0000', 'open': 0, 'open_dollars': '0.0000'}"
1763554200,19840,19840.00,"{'close': None, 'high': None, 'low': None, 'max': None, 'mean': None, 'min': None, 'open': None, 'previous': 2, 'previous_dollars': '0.0200'}",0,0.00,"{'close': 2, 'close_dollars': '0.0200', 'high': 2, 'high_dollars': '0.0200', 'low': 1, 'low_dollars': '0.0100', 'open': 1, 'open_dollars': '0.0100'}","{'close': 0, 'close_dollars': '0.0000', 'high': 0, 'high_dollars': '0.0000', 'low': 0, 'low_dollars': '0.0000', 'open': 0, 'open_dollars': '0.0000'}"
1763554500,19840,19840.00,"{'close': None, 'high': None, 'low': None, 'max': None, 'mean': None, 'min': None, 'open': None, 'previous': 2, 'previous_dollars': '0.0200'}",0,0.00,"{'close': 2, 'close_dollars': '0.0200', 'high': 2, 'high_dollars': '0.0200', 'low': 1, 'low_dollars': '0.0100', 'open': 2, 'open_dollars': '0.0200'}","{'close': 0, 'close_dollars': '0.0000', 'high': 0, 'high_dollars': '0.0000', 'low': 0, 'low_dollars': '0.0000', 'open': 0, 'open_dollars': '0.0000'}"
1763554680,19840,19840.00,"{'close': None, 'high': None, 'low': None, 'max': None, 'mean': None, 'min': None, 'open': None, 'previous': 2, 'previous_dollars': '0.0200'}",0,0.00,"{'close': 1, 'close_dollars': '0.0100', 'high': 2, 'high_dollars': '0.0200', 'low': 1, 'low_dollars': '0.0100', 'open': 2, 'open_dollars': '0.0200'}","{'close': 0, 'close_dollars': '0.0000', 'high': 0, 'high_dollars': '0.0000', 'low': 0, 'low_dollars': '0.0000', 'open': 0, 'open_dollars': '0.0000'}"
1763556720,19840,19840.00,"{'close': None, 'high': None, 'low': None, 'max': None, 'mean': None, 'min': None, 'open': None, 'previous': 2, 'previous_dollars': '0.0200'}",0,0.00,"{'close': 2, 'close_dollars': '0.0200', 'high': 2, 'high_dollars': '0.0200', 'low': 1, 'low_dollars': '0.0100', 'open': 1, 'open_dollars': '0.0100'}","{'close': 0, 'close_dollars': '0.0000', 'high': 0, 'high_dollars': '0.0000', 'low': 0, 'low_dollars': '0.0000', 'open': 0, 'open_dollars': '0.0000'}"
1763557020,19840,19840.00,"{'close': None, 'high': None, 'low': None, 'max': None, 'mean': None, 'min': None, 'open': None, 'previous': 2, 'previous_dollars': '0.0200'}",0,0.00,"{'close': 2, 'close_dollars': '0.0200', 'high': 2, 'high_dollars': '0.0200', 'low': 1, 'low_dollars': '0.0100', 'open': 2, 'open_dollars': '0.0200'}","{'close': 0, 'close_dollars': '0.0000', 'high': 0, 'high_dollars': '0.0000', 'low': 0, 'low_dollars': '0.0000', 'open': 0, 'open_dollars': '0.0000'}"
1763557380,19840,19840.00,"{'close': None, 'high': None, 'low': None, 'max': None, 'mean': None, 'min': None, 'open': None, 'previous': 2, 'previous_dollars': '0.0200'}",0,0.00,"{'close': 2, 'close_dollars': '0.0200', 'high': 2, 'high_dollars': '0.0200', 'low': 1, 'low_dollars': '0.0100', 'open': 2, 'open_dollars': '0.0200'}","{'close': 0, 'close_dollars': '0.0000', 'high': 0, 'high_dollars': '0.0000', 'low': 0, 'low_dollars': '0.0000', 'open': 0, 'open_dollars': '0.0000'}"
1763557740,19840,19840.00,"{'close': None, 'high': None, 'low': None, 'max': None, 'mean': None, 'min': None, 'open': None, 'previous': 2, 'previous_dollars': '0.0200'}",0,0.00,"{'close': 2, 'close_dollars': '0.0200', 'high': 2, 'high_dollars': '0.0200', 'low': 1, 'low_dollars': '0.0100', 'open': 2, 'open_dollars': '0.0200'}","{'close': 0, 'close_dollars': '0.0000', 'high': 0, 'high_dollars': '0.0000', 'low': 0, 'low_dollars': '0.0000', 'open': 0, 'open_dollars': '0.0000'}"
1763557800,19840,19840.00,"{'close': None, 'high': None, 'low': None, 'max': None, 'mean': None, 'min': None, 'open': None, 'previous': 2, 'previous_dollars': '0.0200'}",0,0.00,"{'close': 1, 'close_dollars': '0.0100', 'high': 2, 'high_dollars': '0.0200', 'low': 1, 'low_dollars': '0.0100', 'open': 2, 'open_dollars': '0.0200'}","{'close': 0, 'close_dollars': '0.0000', 'high': 0, 'high_dollars': '0.0000', 'low': 0, 'low_dollars': '0.0000', 'open': 0, 'open_dollars': '0.0000'}"
1763558400,19840,19840.00,"{'close': None, 'high': None, 'low': None, 'max': None, 'mean': None, 'min': None, 'open': None, 'previous': 2, 'previous_dollars': '0.0200'}",0,0.00,"{'close': 2, 'close_dollars': '0.0200', 'high': 2, 'high_dollars': '0.0200', 'low': 1, 'low_dollars': '0.0100', 'open': 1, 'open_dollars': '0.0100'}","{'close': 0, 'close_dollars': '0.0000', 'high': 0, 'high_dollars': '0.0000', 'low': 0, 'low_dollars': '0.0000', 'open': 0, 'open_dollars': '0.0000'}"
1763558580,19840,19840.00,"{'close': None, 'high': None, 'low': None, 'max': None, 'mean': None, 'min': None, 'open': None, 'previous': 2, 'previous_dollars': '0.0200'}",0,0.00,"{'close': 2, 'close_dollars': '0.0200', 'high': 2, 'high_dollars': '0.0200', 'low': 1, 'low_dollars': '0.0100', 'open': 2, 'open_dollars': '0.0200'}","{'close': 0, 'close_dollars': '0.0000', 'high': 0, 'high_dollars': '0.0000', 'low': 0, 'low_dollars': '0.0000', 'open': 0, 'open_dollars': '0.0000'}"
1763558700,19840,19840.00,"{'close': None, 'high': None, 'low': None, 'max': None, 'mean': None, 'min': None, 'open': None, 'previous': 2, 'previous_dollars': '0.0200'}",0,0.00,"{'close': 2, 'close_dollars': '0.0200', 'high': 2, 'high_dollars': '0.0200', 'low': 1, 'low_dollars': '0.0100', 'open': 2, 'open_dollars': '0.0200'}","{'close': 0, 'close_dollars': '0.0000', 'high': 0, 'high_dollars': '0.0000', 'low': 0, 'low_dollars': '0.0000', 'open': 0, 'open_dollars': '0.0000'}"
1763558820,19840,19840.00,"{'close': None, 'high': None, 'low': None, 'max': None, 'mean': None, 'min': None, 'open': None, 'previous': 2, 'previous_dollars': '0.0200'}",0,0.00,"{'close': 2, 'close_dollars': '0.0200', 'high': 2, 'high_dollars': '0.0200', 'low': 1, 'low_dollars': '0.0100', 'open': 2, 'open_dollars': '0.0200'}","{'close': 0, 'close_dollars': '0.0000', 'high': 0, 'high_dollars': '0.0000', 'low': 0, 'low_dollars': '0.0000', 'open': 0, 'open_dollars': '0.0000'}"
1763558940,19840,19840.00,"{'close': None, 'high': None, 'low': None, 'max': None, 'mean': None, 'min': None, 'open': None, 'previous': 2, 'previous_dollars': '0.0200'}",0,0.00,"{'close': 1, 'close_dollars': '0.0100', 'high': 2, 'high_dollars': '0.0200', 'low': 1, 'low_dollars': '0.0100', 'open': 2, 'open_dollars': '0.0200'}","{'close': 0, 'close_dollars': '0.0000', 'high': 0, 'high_dollars': '0.0000', 'low': 0, 'low_dollars': '0.0000', 'open': 0, 'open_dollars': '0.0000'}"
1763561700,19840,19840.00,"{'close': None, 'high': None, 'low': None, 'max': None, 'mean': None, 'min': None, 'open': None, 'previous': 2, 'previous_dollars': '0.0200'}",0,0.00,"{'close': 2, 'close_dollars': '0.0200', 'high': 2, 'high_dollars': '0.0200', 'low': 1, 'low_dollars': '0.0100', 'open': 1, 'open_dollars': '0.0100'}","{'close': 0, 'close_dollars': '0.0000', 'high': 0, 'high_dollars': '0.0000', 'low': 0, 'low_dollars': '0.0000', 'open': 0, 'open_dollars': '0.0000'}"
1763561760,19840,19840.00,"{'close': None, 'high': None, 'low': None, 'max': None, 'mean': None, 'min': None, 'open': None, 'previous': 2, 'previous_dollars': '0.0200'}",0,0.00,"{'close': 1, 'close_dollars': '0.0100', 'high': 2, 'high_dollars': '0.0200', 'low': 1, 'low_dollars': '0.0100', 'open': 2, 'open_dollars': '0.0200'}","{'close': 0, 'close_dollars': '0.0000', 'high': 0, 'high_dollars': '0.0000', 'low': 0, 'low_dollars': '0.0000', 'open': 0, 'open_dollars': '0.0000'}"
1763561820,19840,19840.00,"{'close': None, 'high': None, 'low': None, 'max': None, 'mean': None, 'min': None, 'open': None, 'previous': 2, 'previous_dollars': '0.0200'}",0,0.00,"{'close': 1, 'close_dollars': '0.0100', 'high': 1, 'high_dollars': '0.0100', 'low': 1, 'low_dollars': '0.0100', 'open': 1, 'open_dollars': '0.0100'}","{'close': 0, 'close_dollars': '0.0000', 'high': 0, 'high_dollars': '0.0000', 'low': 0, 'low_dollars': '0.0000', 'open': 0, 'open_dollars': '0.0000'}"
1763561880,19840,19840.00,"{'close': None, 'high': None, 'low': None, 'max': None, 'mean': None, 'min': None, 'open': None, 'previous': 2, 'previous_dollars': '0.0200'}",0,0.00,"{'close': 2, 'close_dollars': '0.0200', 'high': 2, 'high_dollars': '0.0200', 'low': 1, 'low_dollars': '0.0100', 'open': 1, 'open_dollars': '0.0100'}","{'close': 0, 'close_dollars': '0.0000', 'high': 0, 'high_dollars': '0.0000', 'low': 0, 'low_dollars': '0.0000', 'open': 0, 'open_dollars': '0.0000'}"
1763561940,19840,19840.00,"{'close': None, 'high': None, 'low': None, 'max': None, 'mean': None, 'min': None, 'open': None, 'previous': 2, 'previous_dollars': '0.0200'}",0,0.00,"{'close': 2, 'close_dollars': '0.0200', 'high': 2, 'high_dollars': '0.0200', 'low': 1, 'low_dollars': '0.0100', 'open': 2, 'open_dollars': '0.0200'}","{'close': 0, 'close_dollars': '0.0000', 'high': 0, 'high_dollars': '0.0000', 'low': 0, 'low_dollars': '0.0000', 'open': 0, 'open_dollars': '0.0000'}"
1763562060,19840,19840.00,"{'close': None, 'high': None, 'low': None, 'max': None, 'mean': None, 'min': None, 'open': None, 'previous': 2, 'previous_dollars': '0.0200'}",0,0.00,"{'close': 2, 'close_dollars': '0.0200', 'high': 2, 'high_dollars': '0.0200', 'low': 1, 'low_dollars': '0.0100', 'open': 2, 'open_dollars': '0.0200'}","{'close': 0, 'close_dollars': '0.0000', 'high': 0, 'high_dollars': '0.0000', 'low': 0, 'low_dollars': '0.0000', 'open': 0, 'open_dollars': '0.0000'}"
1763562420,19840,19840.00,"{'close': None, 'high': None, 'low': None, 'max': None, 'mean': None, 'min': None, 'open': None, 'previous': 2, 'previous_dollars': '0.0200'}",0,0.00,"{'close': 2, 'close_dollars': '0.0200', 'high': 2, 'high_dollars': '0.0200', 'low': 1, 'low_dollars': '0.0100', 'open': 2, 'open_dollars': '0.0200'}","{'close': 0, 'close_dollars': '0.0000', 'high': 0, 'high_dollars': '0.0000', 'low': 0, 'low_dollars': '0.0000', 'open': 0, 'open_dollars': '0.0000'}"
1763562780,19840,19840.00,"{'close': None, 'high': None, 'low': None, 'max': None, 'mean': None, 'min': None, 'open': None, 'previous': 2, 'previous_dollars': '0.0200'}",0,0.00,"{'close': 2, 'close_dollars': '0.0200', 'high': 2, 'high_dollars': '0.0200', 'low': 1, 'low_dollars': '0.0100', 'open': 2, 'open_dollars': '0.0200'}","{'close': 0, 'close_dollars': '0.0000', 'high': 0, 'high_dollars': '0.0000', 'low': 0, 'low_dollars': '0.0000', 'open': 0, 'open_dollars': '0.0000'}"
1763563140,19840,19840.00,"{'close': None, 'high': None, 'low': None, 'max': None, 'mean': None, 'min': None, 'open': None, 'previous': 2, 'previous_dollars': '0.0200'}",0,0.00,"{'close': 2, 'close_dollars': '0.0200', 'high': 2, 'high_dollars': '0.0200', 'low': 1, 'low_dollars': '0.0100', 'open': 2, 'open_dollars': '0.0200'}","{'close': 0, 'close_dollars': '0.0000', 'high': 0, 'high_dollars': '0.0000', 'low': 0, 'low_dollars': '0.0000', 'open': 0, 'open_dollars': '0.0000'}"
1763563320,19840,19840.00,"{'close': None, 'high': None, 'low': None, 'max': None, 'mean': None, 'min': None, 'open': None, 'previous': 2, 'previous_dollars': '0.0200'}",0,0.00,"{'close': 2, 'close_dollars': '0.0200', 'high': 2, 'high_dollars': '0.0200', 'low': 2, 'low_dollars': '0.0200', 'open': 2, 'open_dollars': '0.0200'}","{'close': 0, 'close_dollars': '0.0000', 'high': 0, 'high_dollars': '0.0000', 'low': 0, 'low_dollars': '0.0000', 'open': 0, 'open_dollars': '0.0000'}"
1763563500,19840,19840.00,"{'close': None, 'high': None, 'low': None, 'max': None, 'mean': None, 'min': None, 'open': None, 'previous': 2, 'previous_dollars': '0.0200'}",0,0.00,"{'close': 2, 'close_dollars': '0.0200', 'high': 2, 'high_dollars': '0.0200', 'low': 1, 'low_dollars': '0.0100', 'open': 2, 'open_dollars': '0.0200'}","{'close': 0, 'close_dollars': '0.0000', 'high': 0, 'high_dollars': '0.0000', 'low': 0, 'low_dollars': '0.0000', 'open': 0, 'open_dollars': '0.0000'}"
1763563860,19840,19840.00,"{'close': None, 'high': None, 'low': None, 'max': None, 'mean': None, 'min': None, 'open': None, 'previous': 2, 'previous_dollars': '0.0200'}",0,0.00,"{'close': 2, 'close_dollars': '0.0200', 'high': 2, 'high_dollars': '0.0200', 'low': 1, 'low_dollars': '0.0100', 'open': 2, 'open_dollars': '0.0200'}","{'close': 0, 'close_dollars': '0.0000', 'high': 0, 'high_dollars': '0.0000', 'low': 0, 'low_dollars': '0.0000', 'open': 0, 'open_dollars': '0.0000'}"
1763564220,19840,19840.00,"{'close': None, 'high': None, 'low': None, 'max': None, 'mean': None, 'min': None, 'open': None, 'previous': 2, 'previous_dollars': '0.0200'}",0,0.00,"{'close': 2, 'close_dollars': '0.0200', 'high': 2, 'high_dollars': '0.0200', 'low': 1, 'low_dollars': '0.0100', 'open': 2, 'open_dollars': '0.0200'}","{'close': 0, 'close_dollars': '0.0000', 'high': 0, 'high_dollars': '0.0000', 'low': 0, 'low_dollars': '0.0000', 'open': 0, 'open_dollars': '0.0000'}"
1763564460,19840,19840.00,"{'close': None, 'high': None, 'low': None, 'max': None, 'mean': None, 'min': None, 'open': None, 'previous': 2, 'previous_dollars': '0.0200'}",0,0.00,"{'close': 100, 'close_dollars': '1.0000', 'high': 100, 'high_dollars': '1.0000', 'low': 2, 'low_dollars': '0.0200', 'open': 2, 'open_dollars': '0.0200'}","{'close': 0, 'close_dollars': '0.0000', 'high': 0, 'high_dollars': '0.0000', 'low': 0, 'low_dollars': '0.0000', 'open': 0, 'open_dollars': '0.0000'}"
